,Vector,Vul_threshold,Nv_threshold,Expectation,Accuracy,Score
Work,"[14, 12, 10, 8, 8, 10, 8, 6, 6, 6, 4, 4, 2, 2, 0, 0, 18, 16, 14, 14, 14, 12, 12, 10, 10, 8, 8, 12, 10, 10, 8, 8, 6, 6, 6, 6, 4, 4, 2, 2, 0, 0, 20, 18, 18, 16, 16, 14, 14, 14, 14, 12, 12, 10, 10, 8, 8, 12, 12, 10, 10, 8, 8, 6, 6, 6, 6, 4, 4, 2, 2, 0, 0, 0]",50,50,2.7224,0.7739125,0.09472981987991995
Woolsey,"[30, 25, 21, 18, 18, 19, 15, 12, 12, 10, 7, 7, 3, 3, 0, 0, 37, 33, 30, 30, 28, 25, 25, 21, 21, 18, 18, 22, 19, 19, 15, 15, 12, 12, 10, 10, 7, 7, 3, 3, 0, 0, 40, 37, 37, 33, 33, 30, 30, 28, 28, 25, 25, 21, 21, 18, 18, 22, 22, 19, 19, 15, 15, 12, 12, 10, 10, 7, 7, 3, 3, 0, 0, 0]",99,100,2.623425,0.766725,-0.34545252390482545
Kleinman,"[22, 18, 15, 14, 13, 14, 11, 10, 9, 5, 5, 4, 2, 1, 0, 0, 28, 25, 24, 23, 21, 20, 19, 17, 16, 14, 13, 17, 16, 15, 13, 12, 10, 9, 8, 7, 6, 5, 2, 1, 0, 0, 31, 30, 29, 27, 26, 24, 23, 23, 21, 20, 19, 17, 16, 15, 13, 19, 18, 16, 15, 13, 12, 10, 9, 8, 7, 6, 5, 3, 2, 0, 0, 0]",75,75,2.6822,0.760275,-0.08405603735823881
Optimized,"[13, 12, 10, 8, 8, 9, 7, 6, 6, 5, 5, 4, 2, 2, 0, 0, 17, 15, 14, 13, 13, 12, 12, 11, 10, 9, 8, 11, 10, 10, 9, 8, 7, 6, 5, 5, 5, 4, 2, 2, 0, 0, 18, 17, 17, 16, 15, 14, 13, 14, 13, 12, 12, 11, 10, 9, 8, 11, 11, 10, 10, 9, 8, 7, 6, 5, 5, 5, 4, 2, 2, 0, 0, 0]",49,50,2.776375,0.783825,0.3347787413831443
